{
  "meta": {
    "dataset": "dataset16",
    "feature_count": 18,
    "train_rows": 7313451,
    "val_rows": 1567183,
    "test_rows": 1567153,
    "created_at": "2026-03-01T12:42:52.342000+00:00",
    "class_counts_train": {
      "0": 5465860,
      "1": 1847591
    },
    "class_counts_val": {
      "0": 1567009,
      "1": 174
    },
    "class_counts_test": {
      "0": 1229520,
      "1": 337633
    },
    "scale_pos_weight": 2.9583711979545257,
    "chosen_threshold": 0.44401827454566956
  },
  "metrics": {
    "validation": {
      "n": 1567183,
      "class_counts": {
        "0": 1567009,
        "1": 174
      },
      "roc_auc": 0.8786635749284512,
      "pr_auc": 0.13261341923932862,
      "best_threshold_by_f1": 0.44401827454566956,
      "best_f1": 0.23880597014902114,
      "confusion_0.5": {
        "tn": 1567006,
        "fp": 3,
        "fn": 154,
        "tp": 20
      },
      "accuracy_0.5": 0.9998998202507301,
      "recall_at_fpr_0.01": 0.13793103448275862,
      "recall_at_fpr_0.005": 0.13793103448275862,
      "recall_at_fpr_0.001": 0.13793103448275862,
      "probs_sample_mean": 0.005465453956276178
    },
    "test": {
      "n": 1567153,
      "class_counts": {
        "0": 1229520,
        "1": 337633
      },
      "roc_auc": 0.4289715533990342,
      "pr_auc": 0.19436165810851147,
      "confusion_0.5": {
        "tn": 1229490,
        "fp": 30,
        "fn": 337632,
        "tp": 1
      },
      "accuracy_0.5": 0.7845379487516535,
      "recall_at_fpr_0.01": 0.011992311178113514,
      "recall_at_fpr_0.005": 0.011992311178113514,
      "recall_at_fpr_0.001": 0.011992311178113514,
      "probs_sample_mean": 0.06815015524625778
    },
    "train": {
      "n": 7313451,
      "class_counts": {
        "0": 5465860,
        "1": 1847591
      },
      "roc_auc": 0.9999658128944179,
      "pr_auc": 0.9999496667002189,
      "confusion_0.5": {
        "tn": 5465638,
        "fp": 222,
        "fn": 177,
        "tp": 1847414
      },
      "accuracy_0.5": 0.9999454429926447,
      "recall_at_fpr_0.01": 0.9999058233126271,
      "recall_at_fpr_0.005": 0.9999058233126271,
      "recall_at_fpr_0.001": 0.9999052820672973,
      "probs_sample_mean": 0.2554682195186615
    }
  }
}